,tweet,category
0,RT @lifeadvice_4you: when you think your dog is barking at nothing he's actually barking at climate change,-1
1,"RT @aldatweets: ‚ÄúKey climate-change and energy transition puzzles are ... in the realm of the social sciences. However, these are precisely‚Ä¶",0
2,RT @MarkFriesen08: Not only can we not send refugees back because ‚Äúclimate change‚Äù. How many ‚Äúclimate refugees‚Äù will be created because of‚Ä¶,2
3,RT @spikedonline: ‚ÄúIt‚Äôs ridiculous to say the criticism of Meghan Markle is driven by racism. People went off Harry and Meghan for one simp‚Ä¶,0
4,"@TyotoRiffle @MesiaArte @PerspicaciousXY @RedAce2024 @KathyCastorFL @JMB5girlDaddy Yes, what qualifies NASA to speak on CLIMATE CHANGE HOAX?",-1
5,RT @lifeadvice_4you: when you think your dog is barking at nothing he's actually barking at climate change,-1
6,RT @TomTSEC: Poll Finds Most People Would Rather Be Annihilated By Giant Tidal Wave Than Continue To Be Lectured By Climate Change Activist‚Ä¶,-1
7,"RT @BernieSanders: Making health care a right.
A living wage for all.
Reproductive rights.
Immigration reform.
Criminal justice reform.
Add‚Ä¶",0
8,RT @RepDanCrenshaw: The American people should know: there‚Äôs a 3rd option when it comes to addressing climate change. It‚Äôs not the absurd G‚Ä¶,0
9,RT @lifeadvice_4you: when you think your dog is barking at nothing he's actually barking at climate change,-1
10,"RT @1RossGittins: If we pretend it's not happening, climate change will go away and coal will stay king https://t.co/LDBopMw2N8 #ausecon #a‚Ä¶",-1
11,"RT @BernieSanders: Making health care a right.
A living wage for all.
Reproductive rights.
Immigration reform.
Criminal justice reform.
Add‚Ä¶",0
12,RT @lifeadvice_4you: when you think your dog is barking at nothing he's actually barking at climate change,-1
13,"How is the world gonna end? 
By nuclear war? By a pandemic? By climate change? Find out on the next episode https://t.co/cprpCVKHNI",2
14,"I don't deny climate change exists. We've been tracking the climate for 100 years now; we know it fluctuates, it ch‚Ä¶ https://t.co/6oTBs7fvhb",0
15,"‚ÄúTim Eggar, chairman of the UK‚Äôs Oil and Gas Authority (OGA), sent shockwaves through the industry on Wednesday (15‚Ä¶ https://t.co/N7JG9YRpxW",1
16,"RT @abbeludwig: Climate activist Greta Thunberg: ""Pretty much nothing has been done""
She's right! 
Another big reason to make sure we get r‚Ä¶",1
17,"RT @ABC: Spain‚Äôs new government has declared a national climate emergency, taking a formal first step toward enacting ambitious measures to‚Ä¶",1
18,"RT @rituparnasarm10: Yes definitely already Climate change entered n effected animals not only Kaziranga but also animal across Globe,Vultu‚Ä¶",2
19,"RT @colinkorolppc: I guess the carbon tax, strict regulation on resource development, subsidies to green tech companies and corporations, b‚Ä¶",0
20,RT @GreatLakesPeck: So let's all work to make all our home countries more livable and sustainable in the face of climate change. That means‚Ä¶,2
21,"@HillaryClinton I wish you would use your considerable influence, privilege and position to advocate full time for‚Ä¶ https://t.co/RkQlYtKjRk",2
22,"RT @csinut1: Not the USAs fault.  We dont believe in climate change! 

""Greta Thunberg says 'pretty much nothing has been done' on climate‚Ä¶",-1
23,"RT @zozzer1966: I travel 70 along the princes Hwy every day 

Never seen a burnt animal let alone masses of them 

The claims over 1 billio‚Ä¶",1
24,RT @RepDanCrenshaw: The American people should know: there‚Äôs a 3rd option when it comes to addressing climate change. It‚Äôs not the absurd G‚Ä¶,0
25,"RT @UNEP: As a global community we must take #ClimateAction NOW, before extreme weather events push more communities &amp; ecosystems beyond th‚Ä¶",2
26,"12. Has experience AND age - old people are old

13. Genuine

14. Paris climate Accord

15. Empathy - compared to e‚Ä¶ https://t.co/pJVKalNlll",0
27,"RT @ICRC: Millennials fear nuclear war.
Millennials fear climate change.
Millennials fear World War Three.

We need to act on their concern‚Ä¶",0
28,"RT @BernieSanders: Making health care a right.
A living wage for all.
Reproductive rights.
Immigration reform.
Criminal justice reform.
Add‚Ä¶",0
29,"RT @Oxford100: Sky really does not get it! Same Remainer faces,  -now with a climate change mania - all views no facts, no data, no rationa‚Ä¶",-1
30,RT @lifeadvice_4you: when you think your dog is barking at nothing he's actually barking at climate change,-1
31,Davos: Greta Thunberg &amp; Donald Trump clash on climate change: The Swedish climate activist and the US president gav‚Ä¶ https://t.co/4luSAkHIo2,1
32,Go to the beach and see for yourself that there is no rising sea level. The climate change is a hoax...,-1
33,RT @RepDanCrenshaw: The American people should know: there‚Äôs a 3rd option when it comes to addressing climate change. It‚Äôs not the absurd G‚Ä¶,0
34,@paulbrislen You'd think when you literally start getting Biblical-style plagues raining down on you that you might‚Ä¶ https://t.co/QlnSNVY64F,2
35,RT @JRWeaver55: @Smartsheila @zalisteggall Exactly! Climate Change will NEVER be addressed by an LNP government. That‚Äôs a fact.üò° SHOW SOME‚Ä¶,2
36,"RT @PlantBasedNews: Scientists say the platypus is facing a number of threats - including extreme weather conditions, habitat destruction,‚Ä¶",1
37,"RT @UNEP: #ClimateChange makes wildfires them more frequent, larger &amp; more widespread. 

When forests burn, the biodiversity on which human‚Ä¶",2
39,RT @RepDanCrenshaw: The American people should know: there‚Äôs a 3rd option when it comes to addressing climate change. It‚Äôs not the absurd G‚Ä¶,0
40,"RT @byHeatherLong: This is telling: 
Pretty much every other leader at #Davos came to talk about cooperation and addressing climate change.‚Ä¶",0
41,"RT @PaulEDawson: ‚ÄúThis is what you can expect to happen ‚Ä¶ at an average of 3C [increase],‚Äù

‚ÄúWe are seeing a sign of what would be normal c‚Ä¶",0
42,RT @stonecold2050: Idiot Trump today dismissed what he called the ‚Äúperennial prophets of doom‚Äù on climate change to an audience that includ‚Ä¶,2
43,"@Aliciastarr001 @molon_labe1911 ‚ÄúBernie strongly believes climate change is real, largely caused by human activitie‚Ä¶ https://t.co/tHRnGsKUso",1
44,RT @Tony__Heller: Fascinating how the solution to climate change is identical to communism. https://t.co/d2LMb97RbF,-1
45,Some SF restaurants to introduce climate change surcharge - SFGate https://t.co/mq0PQBZunm,1
46,RT @SCMPNews: Singapore‚Äôs climate change puzzle: with no wind and grey skies how can Lion City kick its fossil fuel habit? https://t.co/ZWE‚Ä¶,1
47,"RT @AtlanticCouncil: While ‚ÄúTrump is right [that] this is a time for both optimism and action,‚Äù @ACGlobalEnergy nonresident senior fellow @‚Ä¶",1
48,RT @isaacwilliams: My friends and I got so mad about inaction on climate change that a podcast exploded out of the group chat.,2
49,RT @SkyNewsAust: Former Labor Leader @billshortenmp says ‚Äúthere‚Äôs no doubt‚Äù in his mind that if the government doesn‚Äôt have a ‚Äúpolicy on cl‚Ä¶,2
